E01	HOLDS	3	No TreeState/Tip/RootTip float-position structs survive anywhere in src (only historical comments, e.g. src/sim/plant.rs:12403), and the per-cell Grow behaviour it names as the replacement is shipped (src/sim/organism.rs Behavior::Grow, :278).
E02	HOLDS	3	src/sim/organism.rs:256 still declares Behavior with struct-shaped variants (Divide { .. }, BudBreak { .. }) and the .ron assets use RON struct-variant syntax (assets/species/herb.ron:321 `Absorb(rate: 1.6)`), so RON's newtype-doubling constraint is untouched.
E03	HOLDS	3	src/sim/weather.rs:1310-1327 still carries the steady-wind revert as do-not-retry, the world is still bounded and field sleeping is still convergence-based (src/sim/field.rs:1448 mark_converged), so the named condition is unchanged.
E04	HOLDS	3	src/sim/plant.rs:12206 `let sides = if rng.flip() { axis } else { [axis[1], axis[0]] }` — the coin flip shipped and the two-option-loop-with-a-break bug class is stated unconditionally.
E05	HOLDS	2	src/sim/pheromone.rs:61 PHEROMONE_INTERVAL=12 and :114 DECAY_RHO=0.03 are still exactly the retuned pair, and the forced-decrease LUT floor the rejection rests on is still built at :217.
E06	HOLDS	3	src/sim/update.rs:1621-1633 documents and ships the two-angle repose (lenient roll_reach_at while flowing, stricter stability_reach_at at rest), the strictly better replacement.
E07	HOLDS	3	src/render.rs:54 CAVE_FADE_DEPTH = 24 with the ramp precomputed as a pure function of depth (render.rs:2583 cave_ramp, :5099), so the pixel-identity requirement the clause names still holds.
E08	HOLDS	3	src/sim/creature.rs:8252 is_partable still returns false for `material.woody` with the plant-killing measurement in its own comment, and organism::Crossing (creature.rs:6937) is the shipped replacement.
E09	HOLDS	3	assets/explosion.ron:6 debris_fraction 0.4 with staged expansion over duration (src/sim/explosion.rs:706 stages()) still shipped; the particle-count arithmetic is unchanged.
E10	HOLDS	3	The rebuilt shape is still the shipped one: assets/explosion.ron:4 duration 10.0, src/sim/explosion.rs:2057 scorch writes real CA temperature instead of ignite_circle, and src/sim/particle.rs:142 Particle::pierce exists.
E11	HOLDS	3	src/sim/load.rs:1753-1769 still carries the piece-footing rule and the 48,109-vs-894 measurement; the footing is the run of rock with anything beneath it, not per-cell contact.
E12	REOPEN	3	src/sim/field.rs:152 LIGHT_DECAY is 0.95, not the 0.997 the entry records as the answer, and its doc (field.rs:110-141) says this channel no longer carries sunlight at all — apply_sky's column cast does — so both the rejected value's reason and the prescribed replacement are about a world that is gone.
E13	REOPEN	3	assets/materials/log.ron:102-142 now ships wood.ron's 32-colour palette copied entry for entry (bands spanning ~34 units, no grey timber), and src/sim/rigid.rs:3986 carries the cell's shade instead of re-rolling it, so the per-cell random draw that made a wide spread read as speckle no longer happens.
E14	HOLDS	3	src/sim/update.rs:1922-1931 still documents the 500/300 overshoot and transfer_liquid_horizontal still moves half the difference; the arithmetic is unchanged.
E15	HOLDS	3	src/sim/pheromone.rs:217 build_decay_lut forces `decayed.min(v-1)` and :281 debug_asserts strict decrease at construction — the quantization argument and its guard both still ship.
E16	HOLDS	2	Both named constants are unmoved — assets/species/herb.ron:197 soil_water_threshold 0.15 (= moisture 246 per src/sim/update.rs:280), tree.ron:150 0.25, src/sim/plant.rs:3820 SOIL_UPTAKE_PER_TICK 60 (the 2026-09-05 arm is an env instrument with no default change) — so neither reopening condition is met.
E17	HOLDS	3	src/sim/plant.rs:4667-4671 applies the (P-Y)-proportional stochastic taper via turgor_taper (assets/species/tree.ron:257 = 0.3); the hard step form is still gone.
E18	HOLDS	2	A topple outcome shipped, but as a body-side kern test before settling (src/sim/rigid.rs:2899), whose own doc at :2874-2888 re-states this exact measurement and concludes "Nothing about the load model changes"; the opt-out guard is still deliberate at src/sim/load.rs:2137 because a load-model failure still means breaks_into.
E19	HOLDS	3	src/sim/plant.rs:9093-9101 still sites flushes by `light / (1.0 + candidate_crowding(..))` and restates the flat-cap failure; light is still per-column sky visibility (ambient_light_above / field.rs apply_sky column cast).
E20	HOLDS	3	src/sim/creature.rs:417-437 keeps the never-argmax doc and choose_weighted is still the live chooser for gradient decisions (creature.rs:580, pheromone.rs:829).
E21	HOLDS	3	Neither re-test condition is met: src/sim/pheromone.rs:114 DECAY_RHO is still 0.03 for both planes and set_channel_rho has no production caller (only examples/labforage.rs:649), so the food-pair gate remains as shipped by aff92b26.
E22	REOPEN	3	Three materials now ship finite ignition_temperature — assets/materials/wood.ron:123 (400.0), log.ron:149 (400.0), deadleaf.ron:168 (320.0) — which is exactly the clause's "Holds until materials ship finite ignition_temperature values"; src/sim/explosion.rs:2088 still asserts no shipped material sets one.
E23	HOLDS	3	src/worldgen/passes.rs:463-471 draws markers per bed on Purpose::RockMarker (MARKER_IRONSTONE 0.030, MARKER_SILL 0.015 at :494), and a rock unit is still many beds thick, so the granularity argument stands.
E24	HOLDS	3	The settle-drop landing rule the clause hangs on is still the fix (src/sim/update.rs:2132 LIQUID_SETTLE_DROP, used at :1803) and LIQUID_LATERAL_REACH is unchanged at 24 (src/sim/material.rs:167).
E25	REOPEN	3	The second mechanism the clause demanded has shipped: src/sim/field.rs:1263-1290 says `next` holds only the solved subset and is merged into the live map, with apply_sky_to walking the full column but reading old-map attenuation and writing only inside the subset — the clone per sleeping tile is gone.
E26	HOLDS	3	src/sim/player.rs:3310-3329 face_toward still rays to the first blocking cell, with the sealed-pocket failure recorded; spoil must still be displaced rather than deleted.
E27	HOLDS	3	src/sim/load.rs:1567-1578 still runs the bounded downward cover probe (MAX_COVER_PROBE) with the one-row version recorded as too narrow.
E28	HOLDS	3	src/sim/plant.rs:6144-6151 still covers RootTip in the stale-limit retirement branch, and the named guard test lives at plant.rs:20045.
E29	HOLDS	3	src/sim/creature.rs:8618 reverse_rule defaults to Flip with Back kept only as the priced alternative (creature.rs:8736 backed_out_body), exactly as the measurement concluded.
E30	HOLDS	3	src/sim/structural.rs:563-566 still records the 4,456/6,556 ms measurement and judges each cell once, on the tick its distance settles or worsens.
E31	HOLDS	2	Nothing has been built (Reports/README.md:1861 still lists ecological-lod-design as a recommendation) and the rejection is arithmetic — a continuous model recovers a 1e-18 predator — so integer quantization of off-camera populations remains the answer.
E32	HOLDS	3	src/sim/rigid.rs:1919-1944 mine_swept still cuts the capsule swept from the previous bite, with the scallop-height failure recorded in its own doc.
E33	HOLDS	3	The heightfield body representation it names as the recorded answer shipped and is live (src/sim/liquid.rs LiquidBody, promoted via src/sim/world.rs:5723), and the per-cell "am I at a free surface" argument is structural.
E34	HOLDS	3	src/sim/player.rs:3148-3153 still gates the dislodge pass on `in_the_open` with the 1,235-vs-429 measurement in place; roots are still climbable tissue grown through soil.
E35	HOLDS	3	src/sim/plant.rs break_buds bounds frontier by income (`supportable = (surplus / step_cost).floor().min(max_active_tips)`, plant.rs:9142), with the concurrency cap only a rate limit on top.
E36	HOLDS	2	Neither soft option nor the necrosis counter is built (src/sim/organism.rs:7604 records anoxia_ticks as still unadded), and the rejection rests on a modelling contradiction — reduced absorb has no oxygen story — that nothing in the tree has changed.
E37	HOLDS	3	Both stored-history answers still ship: src/sim/world.rs:7685 freeze_underground_map (one bit per cell, genesis flood fill) and src/render.rs:180 SKY_VIEW_RAYS beside the seeded propagation.
E38	HOLDS	3	src/sim/structural.rs (compute_world_distances, ~:3958) still reads off-world as BEDROCK with the six-failing-tests account in its comment; Cell::OUT_OF_BOUNDS convention unchanged.
E39	HOLDS	3	The palettes still carry per-cell shade jitter (multi-entry palettes drawn per cell, e.g. src/sim/rigid.rs:1737), which is the condition the clause names, and reconstruction from cell state is what the renderer still does.
E40	HOLDS	2	crush_in_place now draws the joint fabric (src/sim/structural.rs:1901 reveal_joints) rather than a star, but the multi-origin rejection survives and is reinforced there — structural.rs:2053 "every new origin drew a new star, which is how one severed island manufactured the next" — and the owner's criss-cross verdict is still quoted at :2648.
