1048927	fg/forage/forage/surface/p0
737	fg/forage/forage/surface/p0
1048997	fg/forage/forage/surface/p0
466	fg/forage/forage/surface/p0
598	fg/forage/forage/surface/p0
2097549	fg/forage/forage/surface/p0
599	fg/forage/forage/surface/p+
1048855	fg/forage/forage/surface/p+
2097229	fg/forage/forage/surface/p+
521	fg/forage/forage/mound_top/p0
3145822	fg/forage/forage/mound_top/p0
906	fg/haul/haul/mound_in/p+
609	fg/haul/haul/mound_in/p+
770	fg/haul/haul/mound_in/p+
2097494	fg/haul/haul/mound_in/p+
3146555	fg/haul/haul/mound_in/p0
882	fg/haul/haul/mound_in/p0
1048853	fg/carry/forage/mound_top/p+
682	fg/carry/forage/mound_top/p+
5243175	fg/carry/forage/surface/p+
6291859	fg/out/idle/nest/p+
2097258	fg/out/idle/nest/p+
555	fg/home/idle/mound_top/p+
636	nw/forage/forage/surface/p0
4194360	nw/forage/forage/surface/p0
6291992	nw/forage/forage/mound_top/p0
3146368	nw/forage/forage/mound_top/p0
724	nw/haul/haul/mound_in/p+
2097952	nw/haul/haul/mound_in/p+
