rule	eps	wdiag	seed	frame	n_cells	n_finite	open	span	read	readout	los_cross	los_tot	fol_ideal	fol_ideal_fin	fol_0.5	fol_0.5_fin	fol_1	fol_1_fin	fol_2	fol_2_fin	rho_depth	rho_geo	readout_clear	door_top	mound_share	near6	near20	n_pick	level_median	porous	loose_below	packed	hist_maps
R0	0	0	1	100000	567	0	False																										
R0	0	0.5	1	100000	567	567	True	0.156829	0.248677	0.238095	54	306	1	1	0.0776014	0.0776014	0.0405644	0.0405644	0.00705467	0.00705467	0.936699	0.862931	0.215168	0.846509	0.351814	0.166671	0.897803	25	487.788				
R1	0.02	0	1	100000	567	566	True	0.125797	0.204586	0.194004	52	246	0.992945	0.9947	0.0599647	0.0600707	0	0	0	0	0.939242	0.859368	0.169312	0.87613	0.368871	0.160653	0.907328	25	1200.67	439			
R1	0.05	0	1	100000	567	566	True	0.192736	0.296296	0.285714	54	388	0.992945	0.9947	0.0828924	0.0830389	0.0493827	0.04947	0	0	0.939242	0.859368	0.268078	0.810274	0.289479	0.184208	0.930846	25	777.587	439			
R1	0.1	0	1	100000	567	566	True	0.249086	0.389771	0.379189	56	548	0.992945	0.9947	0.104056	0.10424	0.0617284	0.0618375	0	0	0.939242	0.859368	0.363316	0.754847	0.230863	0.202165	0.948283	25	597.692	439			
R1	0.3	0	1	100000	567	566	True	0.340813	0.560847	0.539683	64	878	0.992945	0.9947	0.142857	0.14311	0.0793651	0.0795053	0.0458554	0.0459364	0.939242	0.859368	0.520282	0.664526	0.147997	0.228564	0.964594	25	431.987	439			
R1	0.1	0.5	1	100000	567	567	True	0.277251	0.432099	0.419753	56	616	0.994709	0.994709	0.118166	0.118166	0.0652557	0.0652557	0.0352734	0.0352734	0.936702	0.862935	0.405644	0.727727	0.20786	0.209636	0.954141	25	271.45	439			
R2	0.02	0	1	100000	567	567	True	0.121383	0.202822	0.19224	52	242	0.460317	0.460317	0.0599647	0.0599647	0	0	0	0	0.956844	0.804427	0.165785	0.880492	0.372211	0.159772	0.905567	25	1156.53	439	4	10318	95
R2	0.05	0	1	100000	567	567	True	0.182747	0.280423	0.269841	52	362	0.400353	0.400353	0.0793651	0.0793651	0.0458554	0.0458554	0	0	0.96517	0.770586	0.252205	0.820122	0.296953	0.182434	0.927372	25	718.338	439	4	10318	95
R2	0.1	0	1	100000	567	567	True	0.23232	0.425044	0.377425	64	544	0.329806	0.329806	0.0970018	0.0970018	0.0582011	0.0582011	0	0	0.97082	0.732175	0.358025	0.771351	0.243006	0.199603	0.943113	25	518.647	439	4	10318	95
R2	0.3	0	1	100000	567	567	True	0.308393	0.843034	0.585538	98	1416	0.202822	0.202822	0.116402	0.116402	0.0687831	0.0687831	0.0282187	0.0282187	0.969494	0.664519	0.567901	0.696354	0.170403	0.225461	0.960527	25	306.939	439	4	10318	95
R2all	0.02	0	1	100000	567	567	True	0.0837768	0.312169	0.112875	74	286	0.0970018	0.0970018	0	0	0	0	0	0	0.915448	0.557411	0.0828924	0.935366	0.41642	0.149179	0.882539	25	774.539	439	10149	173	95
R2all	0.05	0	1	100000	567	567	True	0.155393	0.627866	0.234568	88	730	0.0740741	0.0740741	0.0194004	0.0194004	0	0	0	0	0.85473	0.470051	0.208113	0.926155	0.374882	0.164516	0.890825	25	385.656	439	10149	173	95
R2all	0.1	0	1	100000	567	567	True	0.227249	0.87478	0.402116	92	1242	0.0493827	0.0493827	0.0176367	0.0176367	0.00881834	0.00881834	0	0	0.748339	0.345779	0.377425	0.929278	0.346837	0.182071	0.89813	25	227.319	439	10149	173	95
R2all	0.3	0	1	100000	567	567	True	0.389548	0.998236	0.483245	116	2040	0.0299824	0.0299824	0.0176367	0.0176367	0.010582	0.010582	0.00352734	0.00352734	0.386163	-0.0656651	0.45679	0.945432	0.317013	0.220357	0.910822	25	97.4051	439	10149	173	95
R0	0	0	1	200000	845	843	True	0.0810237	0.101775	0.100592	54	174	0.995266	0.997628	0.0142012	0.0142349	0.00473373	0.00474496	0	0	0.949432	0.79955	0.0721893	0.931567	0.315938	0.125106	0.863366	25	2415				
R0	0	0.5	1	200000	845	845	True	0.212138	0.228402	0.226036	56	455	0.99645	0.99645	0.0662722	0.0662722	0.0331361	0.0331361	0.00828402	0.00828402	0.946508	0.806792	0.211834	0.810564	0.253231	0.13831	0.855141	25	456.275				
R1	0.02	0	1	200000	845	843	True	0.173308	0.182249	0.179882	56	343	0.0035503	0.00355872	0	0	0	0	0	0	0.949446	0.799587	0.16213	0.852432	0.276598	0.133189	0.854575	25	1108.75	734			
R1	0.05	0	1	200000	845	843	True	0.226178	0.247337	0.24497	56	505	0.0035503	0.00355872	0.0035503	0.00355872	0	0	0	0	0.949446	0.799587	0.231953	0.807174	0.237307	0.141463	0.859442	25	842.534	734			
R1	0.1	0	1	200000	845	843	True	0.271772	0.305325	0.302959	56	649	0.0035503	0.00355872	0.0035503	0.00355872	0.00236686	0.00237248	0	0	0.949442	0.799591	0.289941	0.768215	0.202197	0.148944	0.871537	25	696.45	734			
R1	0.3	0	1	200000	845	843	True	0.350929	0.492308	0.462722	66	1071	0.0035503	0.00355872	0.0035503	0.00355872	0.0035503	0.00355872	0.00236686	0.00237248	0.949442	0.799591	0.443787	0.700652	0.142941	0.161879	0.876217	25	533.159	734			
R1	0.1	0.5	1	200000	845	845	True	0.294215	0.344379	0.338462	60	735	0.0035503	0.0035503	0.0035503	0.0035503	0.0035503	0.0035503	0	0	0.946515	0.806797	0.323077	0.736712	0.191841	0.151468	0.871624	25	324.887	734			
R2	0.02	0	1	200000	845	845	True	0.168969	0.178698	0.176331	56	335	0.0035503	0.0035503	0	0	0	0	0	0	0.964132	0.718959	0.15858	0.856016	0.280264	0.132509	0.852795	25	1057.4	734	2	10038	195
R2	0.05	0	1	200000	845	845	True	0.21654	0.240237	0.23432	62	475	0.0035503	0.0035503	0.0035503	0.0035503	0	0	0	0	0.970608	0.680924	0.216568	0.814946	0.243913	0.14027	0.853891	25	761.718	734	2	10038	195
R2	0.1	0	1	200000	845	845	True	0.255365	0.385799	0.342012	74	747	0.0035503	0.0035503	0.0035503	0.0035503	0	0	0	0	0.97328	0.645747	0.32071	0.781119	0.212532	0.147169	0.867825	25	583.66	734	2	10038	195
R2	0.3	0	1	200000	845	845	True	0.318657	0.790533	0.512426	110	2053	0.0035503	0.0035503	0.0035503	0.0035503	0.0035503	0.0035503	0	0	0.96936	0.598821	0.493491	0.724382	0.162245	0.159198	0.871612	25	357.085	734	2	10038	195
R2all	0.02	0	1	200000	845	845	True	0.121654	0.372781	0.142012	98	565	0.0035503	0.0035503	0	0	0	0	0	0	0.946161	0.544906	0.108876	0.900674	0.322806	0.124472	0.833877	25	698.224	734	9871	169	195
R2all	0.05	0	1	200000	845	845	True	0.212551	0.661538	0.314793	108	1467	0.0035503	0.0035503	0	0	0	0	0	0	0.905088	0.48578	0.28284	0.902043	0.310702	0.128156	0.836264	25	396.954	734	9871	169	195
R2all	0.1	0	1	200000	845	845	True	0.294989	0.818935	0.409467	98	2081	0.0402367	0.0402367	0.0130178	0.0130178	0.00591716	0.00591716	0	0	0.842919	0.410105	0.386982	0.911977	0.299894	0.131928	0.841791	25	250.512	734	9871	169	195
R2all	0.3	0	1	200000	845	845	True	0.437693	0.998817	0.476923	140	3227	0.0153846	0.0153846	0.00946746	0.00946746	0	0	0	0	0.551772	0.0622	0.454438	0.938935	0.283112	0.142489	0.852113	25	114.772	734	9871	169	195
R0	0	0	1	295000	1109	0	False																										
R0	0	0.5	1	295000	1109	1109	True	0.167685	0.134355	0.13165	58	327	0.997295	0.997295	0.0387737	0.0387737	0.0171326	0.0171326	0	0	0.954186	0.825271	0.115419	0.848189	0.378397	0.0815808	0.569428	25	648.834				
R1	0.02	0	1	295000	1109	1105	True	0.123136	0.0991885	0.0964833	58	233	0.991885	0.995475	0.0297565	0.0298643	0	0	0	0	0.956154	0.818066	0.0775473	0.89354	0.439971	0.0727114	0.523956	25	1762.02	1018			
R1	0.05	0	1	295000	1109	1105	True	0.186479	0.146979	0.144274	58	363	0	0	0	0	0	0	0	0	0.956154	0.818078	0.129847	0.838651	0.358003	0.0845774	0.588011	25	1150.61	1018			
R1	0.1	0	1	295000	1109	1105	True	0.23851	0.206492	0.203787	58	551	0	0	0	0	0	0	0	0	0.956154	0.818078	0.192967	0.793558	0.294953	0.0938983	0.646032	25	891.484	1018			
R1	0.3	0	1	295000	1109	1105	True	0.32543	0.4211	0.390442	70	1115	0.00270514	0.00271493	0.00270514	0.00271493	0.00270514	0.00271493	0	0	0.956153	0.818084	0.374211	0.718104	0.205153	0.107699	0.706419	25	643.355	1018			
R1	0.1	0.5	1	295000	1109	1109	True	0.264775	0.244364	0.240757	60	659	0.997295	0.997295	0.0577096	0.0577096	0.0333634	0.0333634	0	0	0.954185	0.825272	0.229035	0.760405	0.272802	0.0974523	0.654352	25	404.44	1018			
R2	0.02	0	1	295000	1109	1109	True	0.117405	0.0982867	0.0928765	60	225	0.261497	0.261497	0.0261497	0.0261497	0	0	0	0	0.977418	0.696061	0.0730388	0.898283	0.443836	0.07224	0.51997	25	1675.05	1018	5	9815	290
R2	0.05	0	1	295000	1109	1109	True	0.173705	0.136159	0.130748	60	327	0	0	0	0	0	0	0	0	0.980075	0.669198	0.113616	0.848984	0.367383	0.0834763	0.578405	25	1037.35	1018	5	9815	290
R2	0.1	0	1	295000	1109	1109	True	0.217119	0.269612	0.225428	92	599	0	0	0	0	0	0	0	0	0.979871	0.651523	0.204689	0.810435	0.311159	0.0921217	0.630113	25	742.497	1018	5	9815	290
R2	0.3	0	1	295000	1109	1109	True	0.284816	0.741208	0.467087	134	2441	0.00270514	0.00270514	0.00270514	0.00270514	0.00180343	0.00180343	0	0	0.974537	0.626014	0.449053	0.748126	0.236569	0.105048	0.686962	25	426.177	1018	5	9815	290
R2all	0.02	0	1	295000	1109	1109	True	0.142882	0.138864	0.0288548	64	255	0.0477908	0.0477908	0	0	0	0	0	0	0.940881	0.579104	0.0153291	0.947672	0.485248	0.0671418	0.47942	25	1141.95	1018	9607	213	290
R2all	0.05	0	1	295000	1109	1109	True	0.25657	0.448151	0.104599	102	1101	0.0279531	0.0279531	0.00360685	0.00360685	0	0	0	0	0.912778	0.548797	0.0865645	0.940837	0.443652	0.0743018	0.511182	25	585.726	1018	9607	213	290
R2all	0.1	0	1	295000	1109	1109	True	0.354263	0.581605	0.218215	110	1685	0.0135257	0.0135257	0.00270514	0.00270514	0	0	0	0	0.862267	0.491776	0.201984	0.946516	0.417183	0.07991	0.528639	25	356	1018	9607	213	290
R2all	0.3	0	1	295000	1109	1109	True	0.482388	0.978359	0.408476	146	3481	0.00811542	0.00811542	0.00360685	0.00360685	0	0	0	0	0.52662	0.0977051	0.390442	0.978031	0.387076	0.0904622	0.54648	25	159.432	1018	9607	213	290
R0	0	0	2	100000	553	553	True	0.0863589	0.162749	0.144665	38	161	0.998192	0.998192	0.0289331	0.0289331	0.00723327	0.00723327	0.00180832	0.00180832	0.946884	0.888011	0.106691	0.917099	0.333377	0.196241	0.948464	25	1901.91				
R0	0	0.5	2	100000	553	553	True	0.0707032	0.142857	0.122966	47	147	1	1	0.0216998	0.0216998	0.00542495	0.00542495	0	0	0.944089	0.891793	0.0886076	0.933361	0.534341	0.138003	0.779967	25	1195.42				
R1	0.02	0	2	100000	553	553	True	0.139069	0.231465	0.213382	48	264	0.998192	0.998192	0.0669078	0.0669078	0.0216998	0.0216998	0.00723327	0.00723327	0.947037	0.887993	0.184448	0.864404	0.32693	0.202357	0.90767	25	1162.88	426			
R1	0.05	0	2	100000	553	553	True	0.190886	0.309222	0.291139	48	382	0.992767	0.992767	0.084991	0.084991	0.0470163	0.0470163	0.0108499	0.0108499	0.947064	0.887991	0.269439	0.812787	0.25719	0.225545	0.929775	25	838.634	426			
R1	0.1	0	2	100000	553	553	True	0.24154	0.392405	0.374322	48	530	0.992767	0.992767	0.104882	0.104882	0.0614828	0.0614828	0.0162749	0.0162749	0.947067	0.888007	0.356239	0.762536	0.199804	0.245133	0.947489	25	657.365	426			
R1	0.3	0	2	100000	553	553	True	0.336198	0.616637	0.571429	58	934	0.992767	0.992767	0.148282	0.148282	0.079566	0.079566	0.0470163	0.0470163	0.947086	0.887999	0.549729	0.669001	0.120242	0.273907	0.97064	25	465.849	426			
R1	0.1	0.5	2	100000	553	553	True	0.257034	0.41953	0.401447	48	570	0.994575	0.994575	0.113924	0.113924	0.0632911	0.0632911	0.0198915	0.0198915	0.944325	0.891955	0.385172	0.747542	0.194604	0.247623	0.947086	25	312.582	426			
R2	0.02	0	2	100000	553	553	True	0.135699	0.224231	0.206148	48	256	0.528029	0.528029	0.0669078	0.0669078	0.0198915	0.0198915	0.00723327	0.00723327	0.952747	0.864801	0.177215	0.867773	0.331129	0.20107	0.905465	25	1127.1	426	5	10321	95
R2	0.05	0	2	100000	553	553	True	0.183048	0.292948	0.274864	48	360	0.439421	0.439421	0.0813743	0.0813743	0.0470163	0.0470163	0.0108499	0.0108499	0.959347	0.842839	0.251356	0.820583	0.26632	0.222801	0.925515	25	779.833	426	5	10321	95
R2	0.1	0	2	100000	553	553	True	0.228314	0.39783	0.370705	56	518	0.368897	0.368897	0.0940325	0.0940325	0.0596745	0.0596745	0.0144665	0.0144665	0.963852	0.817763	0.345389	0.775635	0.214653	0.240749	0.941023	25	574.252	426	5	10321	95
R2	0.3	0	2	100000	553	553	True	0.311802	0.78481	0.596745	84	1276	0.245931	0.245931	0.130199	0.130199	0.0705244	0.0705244	0.0289331	0.0289331	0.966164	0.757784	0.571429	0.692965	0.14634	0.267168	0.960481	25	334.859	426	5	10321	95
R2all	0.02	0	2	100000	553	553	True	0.0927662	0.16094	0.141049	50	166	0.166365	0.166365	0.0325497	0.0325497	0.0126582	0.0126582	0.00361664	0.00361664	0.929611	0.69216	0.101266	0.910749	0.38473	0.184725	0.877264	25	811.018	426	10163	163	95
R2all	0.05	0	2	100000	553	553	True	0.0964942	0.61302	0.233273	78	660	0.103074	0.103074	0.0325497	0.0325497	0.0144665	0.0144665	0.00542495	0.00542495	0.884846	0.59391	0.191682	0.907165	0.359678	0.194206	0.881857	25	441.916	426	10163	163	95
R2all	0.1	0	2	100000	553	553	True	0.144891	0.764919	0.385172	78	1140	0.0632911	0.0632911	0.0307414	0.0307414	0.0126582	0.0126582	0.00542495	0.00542495	0.820531	0.504691	0.352622	0.906114	0.340467	0.207998	0.88738	25	261.719	426	10163	163	95
R2all	0.3	0	2	100000	553	553	True	0.262262	0.996383	0.473779	76	2058	0.0361664	0.0361664	0.0289331	0.0289331	0.0162749	0.0162749	0	0	0.597648	0.237134	0.45208	0.899363	0.309139	0.247274	0.905547	25	109.103	426	10163	163	95
R0	0	0	2	200000	833	0	False																										
R0	0	0.5	2	200000	833	833	True	0.153753	0.172869	0.165666	51	302	0.9988	0.9988	0.0504202	0.0504202	0.0228091	0.0228091	0.00360144	0.00360144	0.916722	0.818578	0.142857	0.849687	0.227566	0.189583	0.856151	25	609.288				
R1	0.02	0	2	200000	833	833	True	0.123544	0.139256	0.132053	51	238	0.993998	0.993998	0.0396158	0.0396158	0.00840336	0.00840336	0	0	0.921337	0.810899	0.106843	0.878248	0.25682	0.182056	0.857556	25	1492.25	717			
R1	0.05	0	2	200000	833	833	True	0.193837	0.212485	0.205282	51	398	0.993998	0.993998	0.057623	0.057623	0.032413	0.032413	0.00720288	0.00720288	0.921336	0.810899	0.188475	0.809043	0.201239	0.196363	0.86524	25	943.288	717			
R1	0.1	0	2	200000	833	833	True	0.248379	0.268908	0.261705	51	540	0.993998	0.993998	0.0708283	0.0708283	0.0408163	0.0408163	0.0120048	0.0120048	0.921336	0.810899	0.246098	0.755337	0.160568	0.207079	0.890414	25	731.349	717			
R1	0.3	0	2	200000	833	833	True	0.335462	0.379352	0.372149	51	840	0.993998	0.993998	0.0972389	0.0972389	0.0528211	0.0528211	0.0312125	0.0312125	0.921336	0.810899	0.356543	0.669541	0.107161	0.22163	0.891656	25	535.755	717			
R1	0.1	0.5	2	200000	833	833	True	0.260608	0.285714	0.278511	51	578	0.995198	0.995198	0.0768307	0.0768307	0.0420168	0.0420168	0.0132053	0.0132053	0.916708	0.818668	0.262905	0.743941	0.147685	0.210601	0.890175	25	353.706	717			
R2	0.02	0	2	200000	833	833	True	0.119152	0.133253	0.12605	51	224	0.434574	0.434574	0.0396158	0.0396158	0.00840336	0.00840336	0	0	0.962874	0.662848	0.0996399	0.882582	0.259741	0.181396	0.857342	25	1392.17	717	3	10059	195
R2	0.05	0	2	200000	833	833	True	0.184335	0.193277	0.186074	51	356	0.376951	0.376951	0.0540216	0.0540216	0.0312125	0.0312125	0.00720288	0.00720288	0.969163	0.613542	0.165666	0.8184	0.20757	0.195004	0.859367	25	834.098	717	3	10059	195
R2	0.1	0	2	200000	833	833	True	0.232756	0.254502	0.247299	51	508	0.295318	0.295318	0.0648259	0.0648259	0.0396158	0.0396158	0.00960384	0.00960384	0.970826	0.567617	0.230492	0.770687	0.171172	0.204977	0.882944	25	596.463	717	3	10059	195
R2	0.3	0	2	200000	833	833	True	0.305728	0.815126	0.504202	93	1966	0.17407	0.17407	0.0780312	0.0780312	0.0444178	0.0444178	0.0192077	0.0192077	0.960987	0.499958	0.478992	0.698625	0.127526	0.21873	0.885769	25	344.932	717	3	10059	195
R2all	0.02	0	2	200000	833	833	True	0.117363	0.303721	0.057623	61	422	0.062425	0.062425	0.00840336	0.00840336	0	0	0	0	0.882489	0.368606	0.0348139	0.935605	0.295532	0.173161	0.839511	25	784.022	717	9883	179	195
R2all	0.05	0	2	200000	833	833	True	0.223256	0.696279	0.266507	71	1444	0.0456182	0.0456182	0.0132053	0.0132053	0.00480192	0.00480192	0	0	0.837556	0.317674	0.242497	0.916399	0.271524	0.180812	0.842964	25	385.068	717	9883	179	195
R2all	0.1	0	2	200000	833	833	True	0.323813	0.913565	0.457383	91	2346	0.0312125	0.0312125	0.0132053	0.0132053	0.00720288	0.00720288	0.00120048	0.00120048	0.777455	0.250676	0.427371	0.910945	0.25988	0.186556	0.845981	25	230.625	717	9883	179	195
R2all	0.3	0	2	200000	833	833	True	0.474431	0.992797	0.517407	121	3466	0.00120048	0.00120048	0.00120048	0.00120048	0.00120048	0.00120048	0.00120048	0.00120048	0.59175	0.0339508	0.484994	0.91278	0.246595	0.199679	0.850024	25	103.725	717	9883	179	195
R0	0	0	2	295000	1035	1033	True	0.0877682	0.0869565	0.084058	49	176	0.994203	0.996128	0.0144928	0.0145208	0.00483092	0.00484027	0.000966184	0.000968054	0.922469	0.773897	0.057971	0.924361	0.360038	0.0952059	0.743679	25	2008.58				
R0	0	0.5	2	295000	1035	1035	True	0.151032	0.132367	0.129469	50	287	0.997101	0.997101	0.0386473	0.0386473	0.0125604	0.0125604	0.00386473	0.00386473	0.918628	0.777488	0.108213	0.863686	0.346194	0.0993342	0.714683	25	585.213				
R1	0.02	0	2	295000	1035	1033	True	0.155371	0.1343	0.131401	53	300	0.994203	0.996128	0.0386473	0.0387222	0.0115942	0.0116167	0.00386473	0.00387222	0.922427	0.773837	0.112077	0.866707	0.336525	0.100856	0.72907	25	1121.52	925			
R1	0.05	0	2	295000	1035	1033	True	0.199748	0.170048	0.16715	53	404	0.994203	0.996128	0.0483092	0.0484027	0.0280193	0.0280736	0.0057971	0.00580833	0.922417	0.773834	0.151691	0.829245	0.285413	0.110364	0.760171	25	868.467	925			
R1	0.1	0	2	295000	1035	1033	True	0.240626	0.201932	0.199034	53	500	0.994203	0.996128	0.057971	0.0580833	0.0338164	0.0338819	0.00869565	0.00871249	0.922412	0.773829	0.184541	0.794656	0.243617	0.119236	0.794754	25	717.233	925			
R1	0.3	0	2	295000	1035	1033	True	0.319114	0.291787	0.288889	53	770	0.994203	0.996128	0.0763285	0.0764763	0.0425121	0.0425944	0.0183575	0.018393	0.922413	0.773823	0.274396	0.728062	0.176924	0.134519	0.801183	25	534.799	925			
R1	0.1	0.5	2	295000	1035	1035	True	0.252072	0.213527	0.210628	53	534	0.996135	0.996135	0.0599034	0.0599034	0.0347826	0.0347826	0.00869565	0.00869565	0.918633	0.777449	0.196135	0.77396	0.240562	0.120373	0.796852	25	346.32	925			
R2	0.02	0	2	295000	1035	1035	True	0.189076	0.133333	0.125604	57	288	0.405797	0.405797	0.036715	0.036715	0.0115942	0.0115942	0.00386473	0.00386473	0.964732	0.631972	0.104348	0.870694	0.344259	0.0997374	0.722429	25	1068.19	925	0	9905	290
R2	0.05	0	2	295000	1035	1035	True	0.210626	0.158454	0.150725	57	358	0.298551	0.298551	0.0454106	0.0454106	0.0241546	0.0241546	0.00483092	0.00483092	0.972283	0.566627	0.132367	0.838715	0.298872	0.109687	0.746587	25	778.178	925	0	9905	290
R2	0.1	0	2	295000	1035	1035	True	0.237954	0.183575	0.175845	57	434	0.225121	0.225121	0.0492754	0.0492754	0.0309179	0.0309179	0.00772947	0.00772947	0.972121	0.52426	0.158454	0.811269	0.263816	0.11905	0.774246	25	590.396	925	0	9905	290
R2	0.3	0	2	295000	1035	1035	True	0.320114	0.755556	0.433816	111	2172	0.122705	0.122705	0.0550725	0.0550725	0.0347826	0.0347826	0.0115942	0.0115942	0.96111	0.475457	0.407729	0.76222	0.212614	0.137942	0.794969	25	347.221	925	0	9905	290
R2all	0.02	0	2	295000	1035	1035	True	0.255326	0.251208	0.0801932	73	510	0.105314	0.105314	0.0164251	0.0164251	0.00483092	0.00483092	0.000966184	0.000966184	0.900882	0.471239	0.0541063	0.916312	0.412712	0.0934743	0.667927	25	720.794	925	9681	224	290
R2all	0.05	0	2	295000	1035	1035	True	0.349931	0.480193	0.194203	71	1222	0.0454106	0.0454106	0.0115942	0.0115942	0.00386473	0.00386473	0.000966184	0.000966184	0.85035	0.368908	0.171981	0.926375	0.401031	0.103601	0.674428	25	419.663	925	9681	224	290
R2all	0.1	0	2	295000	1035	1035	True	0.431987	0.70628	0.278261	91	2098	0.0289855	0.0289855	0.00772947	0.00772947	0.00386473	0.00386473	0	0	0.768883	0.264522	0.257005	0.94196	0.392043	0.113844	0.680409	25	269.718	925	9681	224	290
R2all	0.3	0	2	295000	1035	1035	True	0.542791	0.994203	0.433816	117	3804	0.010628	0.010628	0.00676329	0.00676329	0.00386473	0.00386473	0	0	0.456401	-0.0996284	0.411594	0.975662	0.381266	0.128534	0.692411	25	127.357	925	9681	224	290
R0	0	0	3	100000	537	534	True	0.0438508	0.0968343	0.0893855	48	95	0.994413	1	0.00931099	0.0093633	0.00372439	0.00374532	0	0	0.94387	0.88368	0.0521415	0.964423	0.565014	0.123489	0.859919	25	2810.61				
R0	0	0.5	3	100000	537	537	True	0.0904325	0.16946	0.165736	53	182	0.996276	0.996276	0.0521415	0.0521415	0.00931099	0.00931099	0	0	0.941983	0.88929	0.119181	0.921492	0.460696	0.156496	0.907145	25	685.905				
R1	0.02	0	3	100000	537	534	True	0.1378	0.22905	0.225326	53	258	0.994413	1	0.0689013	0.0692884	0.0223464	0.0224719	0	0	0.943937	0.883641	0.18622	0.886495	0.376433	0.18467	0.928885	25	877.333	421			
R1	0.05	0	3	100000	537	534	True	0.193739	0.296089	0.292365	53	366	0	0	0	0	0	0	0	0	0.943931	0.883639	0.26257	0.84024	0.287966	0.21474	0.947371	25	619.908	421			
R1	0.1	0	3	100000	537	534	True	0.243718	0.368715	0.364991	53	482	0	0	0	0	0	0	0	0	0.943943	0.883639	0.33892	0.798944	0.22518	0.237224	0.960468	25	490.051	421			
R1	0.3	0	3	100000	537	534	True	0.332101	0.534451	0.523277	55	780	0	0	0	0	0	0	0	0	0.943943	0.883639	0.497207	0.725823	0.141515	0.269619	0.978138	25	356.076	421			
R1	0.1	0.5	3	100000	537	537	True	0.251627	0.385475	0.38175	53	502	0	0	0	0	0	0	0	0	0.941986	0.889291	0.35568	0.780986	0.225943	0.237449	0.959283	25	241.981	421			
R2	0.02	0	3	100000	537	537	True	0.161524	0.240223	0.219739	63	264	0.47486	0.47486	0.0689013	0.0689013	0.0223464	0.0223464	0	0	0.938004	0.82829	0.180633	0.861362	0.360942	0.183347	0.927939	25	853.022	421	0	10333	95
R2	0.05	0	3	100000	537	537	True	0.192306	0.303538	0.288641	59	358	0	0	0	0	0	0	0	0	0.948057	0.78822	0.256983	0.839731	0.288146	0.212236	0.944853	25	578.347	421	0	10333	95
R2	0.1	0	3	100000	537	537	True	0.228581	0.394786	0.357542	73	480	0	0	0	0	0	0	0	0	0.960615	0.744477	0.324022	0.811069	0.239628	0.233768	0.955414	25	429.845	421	0	10333	95
R2	0.3	0	3	100000	537	537	True	0.301593	0.795158	0.558659	91	1224	0	0	0	0	0	0	0	0	0.952387	0.680011	0.52514	0.749421	0.167516	0.266038	0.970539	25	257.781	421	0	10333	95
R2all	0.02	0	3	100000	537	537	True	0.07874	0.294227	0.143389	81	256	0.124767	0.124767	0.027933	0.027933	0.00931099	0.00931099	0	0	0.878138	0.582042	0.0949721	0.93776	0.432373	0.169532	0.91224	25	610.514	421	10179	154	95
R2all	0.05	0	3	100000	537	537	True	0.113777	0.597765	0.221601	83	660	0	0	0	0	0	0	0	0	0.774021	0.422715	0.18622	0.941654	0.38995	0.189313	0.917165	25	322.231	421	10179	154	95
R2all	0.1	0	3	100000	537	537	True	0.184751	0.910615	0.344507	75	1142	0	0	0	0	0	0	0	0	0.571257	0.189863	0.314711	0.95209	0.366083	0.203076	0.918921	25	191.937	421	10179	154	95
R2all	0.3	0	3	100000	537	537	True	0.330875	1	0.437616	99	1964	0	0	0	0	0	0	0	0	0.150273	-0.271185	0.407821	0.971183	0.346519	0.234252	0.933003	25	81.8481	421	10179	154	95
R0	0	0	3	200000	788	787	True	0.0598374	0.0913706	0.0850254	40	122	0.994924	0.996188	0	0	0	0	0	0	0.949823	0.851955	0.0545685	0.942264	0.393337	0.110737	0.840276	25	3050.03				
R0	0	0.5	3	200000	788	788	True	0.0914323	0.115482	0.107868	40	165	0.997462	0.997462	0.0317259	0.0317259	0.00507614	0.00507614	0	0	0.948177	0.855033	0.0786802	0.911452	0.388476	0.114546	0.847682	25	1005.7				
R1	0.02	0	3	200000	788	787	True	0.147059	0.167513	0.159898	50	278	0.991117	0.992376	0.0456853	0.0457433	0.0139594	0.0139771	0.00380711	0.00381194	0.949853	0.85196	0.137056	0.855714	0.316293	0.132536	0.867943	25	1215.45	661			
R1	0.05	0	3	200000	788	787	True	0.201277	0.22335	0.215736	50	406	0.991117	0.992376	0.0596447	0.0597205	0.036802	0.0368488	0.00888325	0.00889454	0.949859	0.851971	0.200508	0.802019	0.259548	0.146813	0.873628	25	880.304	661			
R1	0.1	0	3	200000	788	787	True	0.250791	0.281726	0.274112	50	546	0.991117	0.992376	0.0748731	0.0749682	0.0431472	0.043202	0.0114213	0.0114358	0.949859	0.851972	0.260152	0.753062	0.211914	0.159152	0.896917	25	701.336	661			
R1	0.3	0	3	200000	788	787	True	0.340325	0.464467	0.430203	66	936	0	0	0	0	0	0	0	0	0.949859	0.851972	0.414975	0.664685	0.13866	0.179267	0.897791	25	510.291	661			
R1	0.1	0.5	3	200000	788	788	True	0.261565	0.28934	0.281726	50	564	0.993655	0.993655	0.0799492	0.0799492	0.0444162	0.0444162	0.0139594	0.0139594	0.9482	0.855123	0.267766	0.742935	0.208782	0.160426	0.897211	25	340.308	661			
R2	0.02	0	3	200000	788	788	True	0.142419	0.159898	0.152284	50	266	0.374365	0.374365	0.0444162	0.0444162	0.0139594	0.0139594	0.00380711	0.00380711	0.961793	0.794666	0.129442	0.860315	0.31968	0.132096	0.86719	25	1168.34	661	1	10096	195
R2	0.05	0	3	200000	788	788	True	0.1907	0.21066	0.203046	50	372	0.295685	0.295685	0.0571066	0.0571066	0.0329949	0.0329949	0.00761421	0.00761421	0.968942	0.752756	0.18401	0.812488	0.267461	0.145977	0.869049	25	805.639	661	1	10096	195
R2	0.1	0	3	200000	788	788	True	0.2328	0.309645	0.272843	80	542	0.242386	0.242386	0.0672589	0.0672589	0.0418782	0.0418782	0.00888325	0.00888325	0.971738	0.712114	0.247462	0.770841	0.225293	0.15823	0.88839	25	597.166	661	1	10096	195
R2	0.3	0	3	200000	788	788	True	0.30536	0.755076	0.484772	120	1762	0.15736	0.15736	0.0824873	0.0824873	0.0456853	0.0456853	0.0203046	0.0203046	0.963822	0.656723	0.464467	0.699112	0.163584	0.180418	0.893963	25	349.447	661	1	10096	195
R2all	0.02	0	3	200000	788	788	True	0.0921253	0.274112	0.0989848	92	374	0.0939086	0.0939086	0.0152284	0.0152284	0.00634518	0.00634518	0	0	0.917992	0.590018	0.0659898	0.916897	0.362571	0.126442	0.857594	25	785.519	661	9926	171	195
R2all	0.05	0	3	200000	788	788	True	0.168421	0.577411	0.196701	110	1050	0.0545685	0.0545685	0.0139594	0.0139594	0.00507614	0.00507614	0	0	0.849731	0.494798	0.164975	0.919392	0.345863	0.137209	0.853611	25	426.515	661	9926	171	195
R2all	0.1	0	3	200000	788	788	True	0.259875	0.751269	0.305838	120	1626	0.035533	0.035533	0.0126904	0.0126904	0.00634518	0.00634518	0.00126904	0.00126904	0.734023	0.352537	0.286802	0.928161	0.332703	0.14901	0.861568	25	258.891	661	9926	171	195
R2all	0.3	0	3	200000	788	788	True	0.416677	0.997462	0.435279	180	3000	0.0215736	0.0215736	0.0152284	0.0152284	0.00634518	0.00634518	0.00253807	0.00253807	0.368679	-0.0738934	0.413706	0.945826	0.314357	0.167011	0.881244	25	112.163	661	9926	171	195
R0	0	0	3	295000	1029	0	False																										
R0	0	0.5	3	295000	1029	1029	True	0.119091	0.103984	0.0962099	53	217	0.998056	0.998056	0.03207	0.03207	0	0	0	0	0.94723	0.893238	0.0758017	0.8933	0.328337	0.0660035	0.62311	25	951.042				
R1	0.02	0	3	295000	1029	1028	True	0.089262	0.0874636	0.079689	53	177	0.000971817	0.000972763	0.000971817	0.000972763	0	0	0	0	0.948985	0.890488	0.0563654	0.922866	0.282066	0.0694526	0.67891	25	2526.42	911			
R1	0.05	0	3	295000	1029	1028	True	0.139715	0.118562	0.110787	53	253	0	0	0	0	0	0	0	0	0.948977	0.890491	0.0913508	0.879207	0.244756	0.0744404	0.690432	25	1599.5	911			
R1	0.1	0	3	295000	1029	1028	True	0.18789	0.156463	0.148688	53	353	0	0	0	0	0	0	0	0	0.94897	0.890486	0.133139	0.837447	0.209993	0.0791609	0.722211	25	1178.24	911			
R1	0.3	0	3	295000	1029	1028	True	0.284469	0.275024	0.265306	57	705	0	0	0	0	0	0	0	0	0.948951	0.890468	0.251701	0.753473	0.154643	0.0873851	0.748543	25	762.569	911			
R1	0.1	0.5	3	295000	1029	1029	True	0.226836	0.198251	0.190476	53	473	0	0	0	0	0	0	0	0	0.947229	0.893243	0.177843	0.796683	0.22308	0.0791116	0.714715	25	491.496	911			
R2	0.02	0	3	295000	1029	1029	True	0.0849942	0.0835763	0.0767736	53	169	0.000971817	0.000971817	0	0	0	0	0	0	0.978665	0.784612	0.05345	0.926402	0.291179	0.0687103	0.674958	25	2286.57	911	5	9861	290
R2	0.05	0	3	295000	1029	1029	True	0.130098	0.108844	0.101069	53	229	0	0	0	0	0	0	0	0	0.981932	0.754603	0.0806608	0.887044	0.260456	0.0732574	0.675569	25	1358.41	911	5	9861	290
R2	0.1	0	3	295000	1029	1029	True	0.171423	0.139942	0.132167	53	303	0	0	0	0	0	0	0	0	0.981573	0.733266	0.112731	0.850612	0.232463	0.0776865	0.703045	25	919.303	911	5	9861	290
R2	0.3	0	3	295000	1029	1029	True	0.250179	0.672498	0.407191	135	1855	0	0	0	0	0	0	0	0	0.974318	0.703806	0.385811	0.779816	0.189753	0.0862037	0.726765	25	477.903	911	5	9861	290
R2all	0.02	0	3	295000	1029	1029	True	0.118148	0.198251	0.0204082	87	313	0.000971817	0.000971817	0	0	0	0	0	0	0.914627	0.625169	0.0058309	0.968033	0.376508	0.0616472	0.596716	25	1181.78	911	9687	179	290
R2all	0.05	0	3	295000	1029	1029	True	0.210241	0.432459	0.0738581	113	949	0	0	0	0	0	0	0	0	0.861708	0.569478	0.0544218	0.966261	0.378241	0.0640236	0.589837	25	612.043	911	9687	179	290
R2all	0.1	0	3	295000	1029	1029	True	0.293973	0.58309	0.202138	133	1592	0	0	0	0	0	0	0	0	0.748599	0.440372	0.183673	0.97136	0.371856	0.0676003	0.590541	25	367.594	911	9687	179	290
R2all	0.3	0	3	295000	1029	1029	True	0.417348	0.988338	0.381924	169	3477	0	0	0	0	0	0	0	0	0.36102	-0.0160875	0.364431	0.992563	0.448165	0.0730214	0.599946	25	158.944	911	9687	179	290
R0	0	0	4	100000	583	581	True	0.0290749	0.0411664	0.0222985	23	36	0.986278	0.989673	0.0051458	0.00516351	0	0	0	0	0.960801	0.886641	0.0102916	0.976894	0.652094	0.0906609	0.650623	25	4746.52				
R0	0	0.5	4	100000	583	583	True	0.105588	0.174957	0.166381	48	202	0.996569	0.996569	0.0497427	0.0497427	0.0102916	0.0102916	0	0	0.959729	0.888502	0.125214	0.907257	0.506177	0.134686	0.741761	25	636.554				
R1	0.02	0	4	100000	583	581	True	0.122029	0.188679	0.180103	48	224	0.986278	0.989673	0.0600343	0.060241	0.00171527	0.00172117	0	0	0.960813	0.88677	0.142367	0.898283	0.427362	0.156297	0.812199	25	1083.4	443			
R1	0.05	0	4	100000	583	581	True	0.18114	0.269297	0.26072	48	340	0.986278	0.989673	0.0789022	0.0791738	0.00343053	0.00344234	0	0	0.960819	0.88676	0.231561	0.848792	0.328276	0.187134	0.87369	25	722.998	443			
R1	0.1	0	4	100000	583	581	True	0.234885	0.348199	0.339623	48	486	0.986278	0.989673	0.0994854	0.0998279	0.0600343	0.060241	0.00171527	0.00172117	0.960817	0.886758	0.315609	0.803863	0.254742	0.211091	0.912758	25	553.11	443			
R1	0.3	0	4	100000	583	581	True	0.326057	0.584906	0.543739	66	910	0.986278	0.989673	0.132075	0.13253	0.0754717	0.0757315	0.00343053	0.00344234	0.96081	0.88676	0.512864	0.727532	0.158192	0.244793	0.955242	25	392.962	443			
R1	0.1	0.5	4	100000	583	583	True	0.25568	0.391081	0.379074	52	546	0.996569	0.996569	0.104631	0.104631	0.0634648	0.0634648	0.0222985	0.0222985	0.959719	0.888703	0.353345	0.774001	0.243435	0.21605	0.916933	25	256.471	443			
R2	0.02	0	4	100000	583	583	True	0.117574	0.19554	0.178388	52	226	0.469983	0.469983	0.0600343	0.0600343	0	0	0	0	0.967348	0.831887	0.138937	0.902086	0.432251	0.155076	0.808973	25	1052.36	443	1	10317	95
R2	0.05	0	4	100000	583	583	True	0.171094	0.26072	0.241852	52	322	0.41681	0.41681	0.0754717	0.0754717	0.00343053	0.00343053	0	0	0.972469	0.798787	0.209262	0.857224	0.338954	0.18465	0.867306	25	674.502	443	1	10317	95
R2	0.1	0	4	100000	583	583	True	0.217976	0.367067	0.334477	66	472	0.336192	0.336192	0.0891938	0.0891938	0.0566038	0.0566038	0.00171527	0.00171527	0.973725	0.762731	0.295026	0.817824	0.271707	0.207546	0.90331	25	485.063	443	1	10317	95
R2	0.3	0	4	100000	583	583	True	0.292735	0.802744	0.538593	132	1362	0.241852	0.241852	0.109777	0.109777	0.0668954	0.0668954	0.00343053	0.00343053	0.960758	0.707549	0.500858	0.754023	0.187804	0.241055	0.940886	25	283.442	443	1	10317	95
R2all	0.02	0	4	100000	583	583	True	0.0645341	0.140652	0.0994854	64	134	0.106346	0.106346	0.0171527	0.0171527	0	0	0	0	0.900188	0.616711	0.0600343	0.9483	0.491094	0.140408	0.770439	25	777.765	443	10131	187	95
R2all	0.05	0	4	100000	583	583	True	0.120487	0.531732	0.157804	110	596	0.0737564	0.0737564	0.0188679	0.0188679	0	0	0	0	0.816061	0.504738	0.111492	0.947863	0.441467	0.160366	0.80563	25	398.126	443	10131	187	95
R2all	0.1	0	4	100000	583	583	True	0.184294	0.713551	0.284734	108	1020	0.051458	0.051458	0.0188679	0.0188679	0.00171527	0.00171527	0	0	0.664021	0.328714	0.246998	0.954716	0.40818	0.175296	0.827673	25	232.282	443	10131	187	95
R2all	0.3	0	4	100000	583	583	True	0.305196	0.998285	0.413379	138	2032	0.0274443	0.0274443	0.0188679	0.0188679	0.0120069	0.0120069	0.00171527	0.00171527	0.241363	-0.140423	0.375643	0.97634	0.372171	0.199682	0.85497	25	96.8854	443	10131	187	95
R0	0	0	4	295000	1169	1163	True	0.0477565	0.0325064	0.031651	33	59	0.989735	0.994841	0.0025663	0.00257954	0	0	0	0	0.969356	0.884167	0.0153978	0.958662	0.394941	0.105358	0.705158	25	5375.74				
R0	0	0.5	4	295000	1169	1169	True	0.133205	0.0983747	0.094953	49	234	0.996578	0.996578	0.0299401	0.0299401	0	0	0	0	0.968822	0.886155	0.0778443	0.879443	0.354785	0.113289	0.67232	25	964.961				
R1	0.02	0	4	295000	1169	1163	True	0.124202	0.0923867	0.0889649	49	216	0	0	0	0	0	0	0	0	0.969357	0.884174	0.0710009	0.89221	0.329149	0.118407	0.682143	25	2035.37	1091			
R1	0.05	0	4	295000	1169	1163	True	0.174905	0.130881	0.127459	49	326	0	0	0	0	0	0	0	0	0.969354	0.88418	0.112917	0.847868	0.285675	0.126495	0.68424	25	1429.97	1091			
R1	0.1	0	4	295000	1169	1163	True	0.224613	0.181352	0.17793	49	486	0	0	0	0	0	0	0	0	0.969354	0.884189	0.167665	0.804272	0.248667	0.133592	0.677402	25	1102.03	1091			
R1	0.3	0	4	295000	1169	1163	True	0.322424	0.416595	0.390077	59	1174	0	0	0	0	0	0	0	0	0.969358	0.884186	0.378956	0.718339	0.183682	0.146631	0.670368	25	752.553	1091			
R1	0.1	0.5	4	295000	1169	1169	True	0.252907	0.218991	0.215569	49	606	0.0025663	0.0025663	0.0025663	0.0025663	0.00171086	0.00171086	0	0	0.968819	0.886167	0.206159	0.770141	0.24922	0.133127	0.6698	25	496.181	1091			
R2	0.02	0	4	295000	1169	1169	True	0.179061	0.0915312	0.0863986	51	212	0	0	0	0	0	0	0	0	0.98469	0.813419	0.0684346	0.888492	0.332664	0.116717	0.678024	25	1909.65	1091	6	9781	290
R2	0.05	0	4	295000	1169	1169	True	0.19804	0.122327	0.116339	53	292	0	0	0	0	0	0	0	0	0.98655	0.790484	0.0992301	0.851089	0.297151	0.123465	0.677295	25	1263.04	1091	6	9781	290
R2	0.1	0	4	295000	1169	1169	True	0.223466	0.210436	0.189906	67	504	0	0	0	0	0	0	0	0	0.986029	0.775823	0.171942	0.813566	0.268451	0.128981	0.671079	25	902.085	1091	6	9781	290
R2	0.3	0	4	295000	1169	1169	True	0.300364	0.717707	0.479042	129	2486	0	0	0	0	0	0	0	0	0.981838	0.7579	0.463644	0.737253	0.219981	0.138835	0.663652	25	501.465	1091	6	9781	290
R2all	0.02	0	4	295000	1169	1169	True	0.203061	0.148845	0.0282293	77	290	0	0	0	0	0	0	0	0	0.961792	0.727188	0.0153978	0.934797	0.407296	0.103028	0.654008	25	1170.97	1091	9547	240	290
R2all	0.05	0	4	295000	1169	1169	True	0.271869	0.384944	0.100941	111	980	0	0	0	0	0	0	0	0	0.940344	0.708027	0.0881095	0.92831	0.401902	0.103616	0.643838	25	647.459	1091	9547	240	290
R2all	0.1	0	4	295000	1169	1169	True	0.331454	0.544055	0.220701	115	1566	0.0145423	0.0145423	0.0025663	0.0025663	0	0	0	0	0.90311	0.670044	0.208725	0.929657	0.39751	0.106379	0.639132	25	407.303	1091	9547	240	290
R2all	0.3	0	4	295000	1169	1169	True	0.41806	0.96065	0.374679	157	3200	0.000855432	0.000855432	0.000855432	0.000855432	0	0	0	0	0.68068	0.408111	0.362703	0.947645	0.383957	0.113959	0.642161	25	186.077	1091	9547	240	290
